metric,l1,l2
wall_mediumcross_wall_rate,0.3199999928474426,0.41999998688697815
wall_mediuminit_plan_cross_wall_rate,0.5299999713897705,0.5699999928474426
wall_mediumplanning_error_mean,527.7476806640625,405.44952392578125
wall_mediumplanning_error_mean_rmse,22.972759246826172,20.13577651977539
